"title","coil_id","unts_id","sign","force","issue","subissue","any_dis","med","arb","adj","info","external","internal","enforce","commit","us_world","us_beha","us","number","econ","secu","envi","reject","encourage"
"Exchange of notes constituting an agreement concerning grain to be supplied by the Government of the United Kingdom of Great Britain to the Government of Mali within the framework of the Cereals Food Aid Programme of the European Economic Commu","AC 1",14430,"21021975",21021975,"economics","agriculture",0,0,0,0,0,0,0,0,0,1,0,0,2,1,0,0,,0
"Agricultural Commodities Agreement under Title I of the Agricultural Trade Development and Assistance Act, as amended (with exchange of notes).","AC 10",5579,"30081960",30081960,"economics","agriculture",0,0,0,0,0,0,0,0,0,1,0,1,2,1,0,0,,0
"International Sugar Agreement, 1973 (with annexes).","AC 12",12951,"13101973",1011974,"economics","agriculture",1,0,1,0,1,1,1,1,0,1,1,0,57,1,0,0,0,1
"Agreement relating to the transfer of agricultural commodities.","AC 13",17753,"2121977",2121977,"economics","agriculture",0,0,0,0,0,0,0,0,0,1,0,1,2,1,0,0,,0
"Agricultural Commodities Agreement under Title I of the Agricultural Trade Development and Assistance Act (with agreed minute and memorandum of Understanding).","AC 14",4365,"7111957",7111957,"economics","agriculture",0,0,0,0,0,0,0,0,0,1,0,1,2,1,0,0,,0
"Agreement for sales of agricultural commodities","AC 15",15915,"3051976",3051976,"economics","agriculture",0,0,0,0,0,0,0,0,0,1,0,1,2,1,0,0,,0
"Agreement for sales of agricultural commodities.","AC 2",10249,"1041968",1041968,"economics","agriculture",0,0,0,0,0,0,0,0,0,1,0,1,2,1,0,0,,0
"International Coffee Agreement, 1994","AC 2-3",31252,"30031994",1101994,"economics","agriculture",1,1,1,0,1,0,1,0,0,0,0,0,50,1,0,0,0,1
"Austria and Hungary: Exchange of letters constituting an agreement concerning agricultural products (with annexes)","AC 2-4",30629,"26031993",1101993,"economics","agriculture",1,0,0,0,1,0,0,1,0,1,0,0,2,1,0,0,0,1
"Austria and Bulgaria: Exchange of letters constituting an agreement concerning agricultural products (with annexes).Geneva, 29 March 1993","AC 2-5",30630,"29031993",1091993,"economics","agriculture",1,0,0,0,1,0,0,1,0,1,0,0,2,1,0,0,0,1
"Austria and Turkey: Agreement regarding trade of agricultural products","AC 2-6",30409,"10121991",1101992,"economics","agriculture",0,0,0,0,0,0,0,1,0,1,0,0,2,1,0,0,,0
"International Sugar Agreement","AC 2-7",29467,"20031992",10121996,"economics","agriculture",0,0,0,0,0,0,0,0,0,0,0,0,27,1,0,0,,0
"Australia and Union of Soviet Socialist Republics: Agreement on the supply of agricultural and mineral commodities from Australia to the Union of Soviet Socialist Republics (with attachment)","AC 2-8",27471,"15021990",15021990,"economics","agriculture",0,0,0,0,0,0,0,0,0,1,0,0,2,1,0,0,,0
"Agreement for the sale of agricultural commodities (with minutes of negotiations of 20 March 1978).","AC 23",18143,"23031978",1031979,"economics","agriculture",0,0,0,0,0,0,0,0,0,1,0,1,2,1,0,0,,0
"Exchange of notes constituting an agreement concerning trade in cotton textiles (with annex).","AC 29",9770,"2061967",2061967,"economics","agriculture",0,0,0,0,0,0,0,1,0,1,0,1,2,1,0,0,,0
"Agreement for sales of agricultural commodities.","AC 3",13092,"6081973",6081973,"economics","agriculture",0,0,0,0,0,0,0,0,0,1,0,1,2,1,0,0,,0
"Agreement for sales of agricultural commodities.","AC 4",12254,"29081972",29081972,"economics","agriculture",0,0,0,0,0,0,0,0,0,1,0,1,2,1,0,0,,0
"Agreement concerning economic, scientific and technical co-operation in the field of sugar production and sugar by-products (with additional note).","AC 42",20684,"17051979",5021980,"economics","agriculture",0,0,0,0,0,0,0,0,0,1,0,0,2,1,0,0,,0
"Exchange of notes constituting an interim agreement relating to the purchase of surplus agricultural commodities.","AC 48",3239,"8031954",8031954,"economics","agriculture",0,0,0,0,0,0,0,0,0,1,0,1,2,1,0,0,,0
"Supplementary Agreement for sales of agricultural commodities.","AC 5",10135,"11031968",11031968,"economics","agriculture",0,0,0,0,0,0,0,0,0,1,0,1,2,1,0,0,,0
"Agreement with respect to quality wheat.","AC 57",6389,"7031962",7031962,"economics","agriculture",0,0,0,0,0,0,0,1,0,1,0,1,7,1,0,0,,0
"Exchange of notes (with annex) constituting an agreement regarding the changes which the Government of the United Kingdom propose to introduce in their production and trade policies relating to cereals.","AC 58",7450,"15041964",15041964,"economics","agriculture",0,0,0,0,0,0,0,1,0,1,0,0,2,1,0,0,,0
"Agreement for sales of agricultural commodities.","AC 7",11046,"14071970",14071970,"economics","agriculture",0,0,0,0,0,0,0,0,0,1,0,1,2,1,0,0,,0
"Agreement for sales of agricultural commodities.","AC 9",13629,"7061974",7061974,"economics","agriculture",0,0,0,0,0,0,0,0,0,1,0,1,2,1,0,0,,0
"Convention on the prohibition of the development, production and stockpiling of bacteriological (biological) and toxin weapons and on their destruction.","DS 1",14860,"10041972",26031975,"security","disarmament",0,0,0,0,0,0,0,1,0,0,1,1,108,0,1,0,,0
"Treaty for the Prohibition of Nuclear Weapons in Latin America (with annexed Additional Protocols I and II).","DS 10",9068,"14021967",22041968,"security","disarmament",1,0,0,1,1,1,0,1,0,0,0,0,21,0,1,0,0,1
"Agreement on the prevention of accidental nuclear war.","DS 11",17086,"10101977",10101977,"security","security",0,0,0,0,0,0,0,0,0,0,0,0,2,0,1,0,,0
"Convention on the Prohibition of the Use, Stockpiling, Production and Transfer of Anti-Personnel Mines and on their Destruction","DS 2-3",35597,"18091997",1031999,"security","security",1,1,0,0,1,0,0,1,0,1,1,0,50,0,1,0,0,1
"Convention on the Prohibition of the Development, Production, Stockpiling and Use of Chemical Weapons and on their Destruction","DS 2-4",33757,"13011993",29041997,"security","disarmament",1,1,0,1,1,1,1,1,0,0,1,1,165,0,1,0,0,1
"Convention on prohibitions or restrictions on the use of certain conventional weapons which may be deemed to be excessively injurious or to have indiscriminate effects.","DS 3",22495,"10101980",2121983,"security","disarmament",0,0,0,0,0,0,0,1,0,0,0,1,54,0,1,0,,0
"Treaty on the prohibition of the emplacement of nuclear weapons and other weapons of mass destruction on the sea-bed and the ocean floor and in the subsoil thereof.","DS 5",13678,"11021971",18051972,"security","disarmament",1,0,0,0,1,0,0,1,0,0,0,1,51,0,1,0,0,1
"Interim Agreement on certain measures with respect to the limitation of strategic offensive arms.","DS 7",13445,"26051972",3101972,"security","disarmament",0,0,0,0,0,0,0,1,0,1,0,1,2,0,1,0,,0
"Convention on the prohibition of military or any other hostile use of environmental modification techniques.","DS 8",17119,"18051977",5101978,"security","disarmament",1,1,1,0,1,1,1,1,0,0,0,1,50,0,1,0,0,1
"Agreement governing the activities of states on the moon and other celestial bodies.","DS 9",23002,"5121979",11071984,"security","disarmament",1,1,0,0,1,0,0,0,0,0,0,0,11,0,1,0,0,1
"Agreement concerning financial co-operation—Refuse Disposal in the Freetown Metropolitan Area.","EN 1",21678,"23051980",23051980,"environment","environment",0,0,0,0,0,0,0,0,0,1,0,0,2,0,0,1,,0
"Agreement on co-operation in the field of environmental protection.","EN 11",20644,"27051976",27051976,"environment","environment",0,0,0,0,0,0,0,0,0,1,0,0,2,0,0,1,,0
"Agreement on co-operation in the field of environmental protection (with agreed minutes).","EN 15",15109,"5081975",5081975,"environment","environment",0,0,0,0,0,0,0,0,0,1,0,1,2,0,0,1,,0
"Agreement concerning the protection of frontier forests against fire.","EN 16",9075,"29121961",29031967,"environment","environment",0,0,0,0,0,0,0,0,0,0,0,0,2,0,0,1,,0
"Community-Cost Concentration Agreement on a concerted action project in the field of analysis of organic micro- pollutants in water.","EN 17",20754,"27031980",1041980,"environment","environment",0,0,0,0,0,0,0,0,0,1,0,0,15,0,0,1,,0
"Exchange of letters constituting an agreement concerning the free passage of salmon in Vanern Lake.","EN 18",14017,"22071969",22071969,"environment","environment",0,0,0,0,0,0,0,0,0,0,0,0,2,0,0,1,,0
"Agreement for the protection of migratory birds and birds in danger of extinction and their environment.","EN 19",20181,"6021974",30041981,"environment","environment",0,0,0,0,0,0,0,1,0,1,1,0,2,0,0,1,,0
"Convention (176) concerning safety and health in mines.","EN 2-155",35009,"23061995",5061998,"environment","environment",1,0,0,1,0,1,0,1,0,1,1,1,7,0,0,1,1,0
"Agreement between the Government of the United States of America and the Government of Canada on the conservation of the Porcupine Caribou Herd","EN 2-175",38202,"17071987",17071987,"environment","environment",0,0,0,0,0,0,0,1,0,1,1,1,2,0,0,1,,0
"Convention on the protection of the marine environment of the Baltic Sea, 1992 (with annexes)","EN 2-189",36495,"9041992",17012000,"environment","environment",1,1,1,1,1,1,0,1,0,1,1,0,10,0,0,1,0,1
"Canada and Russian Federation: Agreement Concerning Environmental Cooperation","EN 2-219",32671,"8051993",8051993,"environment","environment",0,0,0,0,0,0,0,0,0,1,0,0,2,0,0,1,,0
"International Convention on oil pollution preparedness, response and cooperation, 1990 (with annex)","EN 2-226",32194,"30111990",13051995,"environment","environment",0,0,0,0,0,0,0,1,0,0,1,1,15,0,0,1,,0
"Canada and United States of America: Agreement on air quality (with annexes)","EN 2-230",31532,"13031991",13031991,"environment","environment",1,1,1,1,1,1,1,1,0,1,1,1,2,0,0,1,0,1
"Denmark and Oman: Agreement for environmental co-operation.","EN 2-242",31060,"28101993",28101993,"environment","environment",0,0,0,0,0,0,0,0,0,1,0,0,2,0,0,1,,0
"Agreement on the conservation of small cetaceans of the Baltic and North Seas (with annex)","EN 2-251",30865,"17031992",29031994,"environment","environment",0,0,0,0,0,0,0,1,0,1,1,0,6,0,0,1,,0
"Republic of Korea and Japan: Agreement on co-operation in the field of environmental protection","EN 2-255",30595,"29061993",29061993,"environment","environment",0,0,0,0,0,0,0,0,0,1,0,0,2,0,0,1,,0
"Estonia and Sweden: Agreement on cooperation in the field of environment","EN 2-257",30486,"30031992",30031992,"environment","environment",0,0,0,0,0,0,0,0,0,1,0,0,2,0,0,1,,0
"Finland and Russian Federation: Agreement concerning co-operation in the field of environmental protection","EN 2-270",29998,"29041992",14011993,"environment","environment",0,0,0,0,0,0,0,0,0,1,0,0,2,0,0,1,,0
"Denmark and Maldives: Agreement on Danish support for the establishment of a desalination plant in Male in the Republic of Maldives","EN 2-289",27580,"4121989",4121989,"environment","environment",0,0,0,0,0,0,0,0,0,0,0,0,2,0,0,1,,0
"Australia and Union of Soviet Socialist Republics: Agreement on co-operation in the field of protection and enhancement of the environment","EN 2-290",27468,"15021990",15021990,"environment","environment",0,0,0,0,0,0,0,0,0,1,0,0,2,0,0,1,,0
"Montreal Protocol on Substances that Deplete the Ozone Layer","EN 2-294",26369,"16091987",1011989,"environment","environment",0,0,0,0,0,0,0,1,0,1,1,1,49,0,0,1,,0
"Exchange of notes constituting an agreement on a project concerning environmental impact of large dams.","EN 2-299",24819,"24021987",24021987,"environment","environment",0,0,0,0,0,0,0,0,0,1,0,0,2,0,0,1,,0
"CENTRAL AMERICAN CONVENTION FOR THE PROTECTION OF THE ENVIRONMENT","EN 2-4",40570,"12121989",14061990,"environment","environment",1,1,1,0,1,1,0,0,0,1,0,0,5,0,0,1,0,1
"Agreement on the conservation of cetaceans of the Black Sea, Mediterranean Sea and contiguous Atlantic area (with annexes)","EN 2-42",38466,"24111996",1062001,"environment","environment",1,1,1,1,1,0,1,1,0,1,1,0,8,0,0,1,0,1
"Memorandum of understanding between the Environmental Protection Agency of the United States of America and the Secretariat of the Environment of the Presidency of the Federative Republic of Brazil with the Brazilian Institute of Environment an","EN 2-67",39083,"16111990",16111990,"environment","environment",0,0,0,0,0,0,0,0,0,1,0,1,2,0,0,1,,0
"International Convention (with annexes) for the Prevention of Pollution of the Sea by Oil.","EN 20",4714,"12051954",26071958,"environment","environment",1,0,1,1,1,1,1,1,0,1,1,1,20,0,0,1,0,1
"Memorandum of understanding on cooperation in earth sciences and environmental studies.","EN 21",19699,"21091979",26091979,"environment","environment",0,0,0,0,0,0,0,0,0,0,0,1,2,0,0,1,,0
"Agreement for plant protection-- Sudan quelea bird research project.","EN 23",17308,"12051977",12051977,"environment","environment",1,0,0,0,1,0,0,0,0,0,0,1,2,0,0,1,0,1
"European Agreement on the restriction of the use of certain detergents in washing and cleaning products.","EN 24",11210,"16091968",16021971,"environment","environment",0,0,0,0,0,0,0,1,0,1,1,0,5,0,0,1,,0
"Convention on Fishing and Conservation of the Living Resources of the High Seas.","EN 25",8164,"29041958",20031966,"environment","environment",1,0,0,1,1,1,1,1,0,1,1,1,37,0,0,1,0,1
"Agreement concerning co-operation in the matter of plant protection.","EN 28",6989,"9071963",9081963,"environment","environment",0,0,0,0,0,0,0,0,0,0,0,0,2,0,0,1,,0
"Agreement for cooperation relating to the marine environment.","EN 34",22693,"26081983",26081983,"environment","environment",1,0,1,0,1,1,1,0,0,0,0,0,2,0,0,1,0,1
"Agreement on co-operation in the field of environmental protection.","EN 35",13920,"21051974",21051974,"environment","environment",0,0,0,0,0,0,0,0,0,1,0,0,2,0,0,1,,0
"Exchange of notes constituting an agreement concerning land use and soil conservation in the eastern Amazon region.","EN 36",17973,"16081979",16081979,"environment","environment",0,0,0,0,0,0,0,0,0,0,0,0,2,0,0,1,,0
"Agreement on plant protection and phytosanitary quarantine.","EN 37",9963,"29081966",22081968,"environment","environment",1,0,0,0,1,0,1,0,0,0,1,0,2,0,0,1,0,1
"Agreement concerning the protection of the Sound Oresund from pollution.","EN 39",13823,"5041974",13121974,"environment","environment",1,1,1,1,0,0,1,1,0,1,1,0,2,0,0,1,0,0
"African Migratory Locust Convention.","EN 45",10476,"15051952",13071955,"environment","environment",0,0,0,0,0,0,0,0,0,0,0,0,3,0,0,1,,0
"Convention on Nature Protection and Wild Life Preservation in the Western Hemisphere.","EN 48",485,"12101940",30041942,"environment","environment",0,0,0,0,0,0,0,1,1,0,1,1,11,0,0,1,,0
"International Convention on Civil Liability for Oil Pollution Damage.","EN 49",14097,"29111969",19061975,"environment","environment",1,0,0,1,0,1,0,1,0,0,1,0,20,0,0,1,0,0
"International Convention for the Conservation of Atlantic Tunas (with Final Act and Resolution adopted by the Conference of Plenipotentiaries).","EN 50",9587,"14051966",21031969,"environment","environment",0,0,0,0,0,0,0,1,0,1,1,1,7,0,0,1,,0
"Convention on fishing and conservation of the living resources in the Baltic Sea and the Belts.","EN 54",16710,"13091973",28071974,"environment","environment",0,0,0,0,0,0,0,1,0,1,1,0,7,0,0,1,,0
"Convention on long-range transboundary air pollution.","EN 55",21623,"13111979",16031983,"environment","environment",1,1,1,1,1,0,1,1,0,1,1,1,35,0,0,1,0,1
"Exchange of notes constituting an agreement on the project Soil management and conservation in East Amazonia.","EN 6",23031,"8051984",8051984,"environment","environment",0,0,0,0,0,0,0,0,0,0,0,0,2,0,0,1,,0
"Agreement concerning financial co-operation on the Lake Volta Transport System.","FN 1",21671,"5051980",5051980,"economics","finance",0,0,0,0,0,0,0,0,0,1,0,0,2,1,0,0,,0
"Agreement relating to the purchase by Poland of surplus property prior to January 1, 1948.","FN 10",5851,"22041946",22041946,"economics","finance",0,0,0,0,0,0,0,0,0,0,0,1,2,1,0,0,,0
"Convention for the avoidance of double taxation and the prevention of fiscal evasion with respect to taxes on income.","FN 11",25393,"14121982",5111985,"economics","finance",1,0,0,0,1,0,0,0,0,0,0,0,2,1,0,0,0,1
"Agreement concerning the disposition of certain accounts in Thailand under Article 16 of the Treaty of Peace with Japan of 8 September 1951.","FN 14",2913,"30071953",30071953,"economics","finance",0,0,0,0,0,0,0,0,0,0,0,1,3,1,0,0,,0
"Exchange of notes constituting an agreement concerning the delivery of a linear accelerator to the Cancer Institute.","FN 15",14491,"22071975",25071975,"economics","finance",0,0,0,0,0,0,0,0,0,0,0,0,2,1,0,0,,0
"Agreement concerning financial co-operation.","FN 17",24332,"22061984",22061984,"economics","finance",0,0,0,0,0,0,0,0,0,1,0,0,2,1,0,0,,0
"Agreement between the Republic of Finland and the Kingdom of the Netherlands for the avoidance of double taxation and the prevention of fiscal evasion with respect to taxes on income and on capital (with protocol","FN 2-115",37104,"28121995",20121997,"economics","finance",1,0,0,0,1,0,0,0,0,0,0,0,2,1,0,0,0,1
"United Nations Convention on Independent Guarantees and Stand-by Letters of Credit","FN 2-13",38030,"11121995",1012000,"economics","finance",1,0,0,1,0,0,0,0,1,0,0,1,4,1,0,0,0,0
"International Convention for the Suppression of the Financing of Terrorism (with annex)","FN 2-17",38349,"9121999",10042002,"economics","finance",1,0,1,1,1,1,0,0,0,0,1,1,132,1,0,0,0,1
"Agreement on economic and financial cooperation between the Kingdom of Spain and the Republic of Argentina.","FN 2-208",34755,"18101995",17111997,"economics","finance",0,0,0,0,0,0,0,0,0,1,0,0,2,1,0,0,,0
"Federal Republic of Germany and Kenya: Agreement concerning financial co-operation-- Loan to the Development Finance Company of Kenya .","FN 2-21",26480,"19111987",19111987,"economics","finance",0,0,0,0,0,0,0,0,0,1,0,0,2,1,0,0,,0
"Agreement between Denmark, Finland, Iceland, Norway, and Sweden on the establishment of the Nordic Environmental Finance Corporation (NEFCO)","FN 2-5",36248,"6111998",9101999,"economics","finance",0,0,0,0,0,0,0,0,0,0,0,0,5,1,0,0,,0
"Agreement between the Government of the United Kingdom of Great Britain and Northern Ireland and the Government of the Sultanate of Oman for the avoidance of double taxation and the prevention of fiscal evasion with respect to taxes on income a","FN 2-7",35805,"23021998",9111998,"economics","finance",1,0,0,0,1,0,0,0,0,0,0,0,2,1,0,0,0,1
"Agreement concerning financial co-operation.","FN 22",22444,"14051982",14051982,"economics","finance",0,0,0,0,0,0,0,0,0,1,0,0,2,1,0,0,,0
"Agreement concerning financial co-operation.","FN 24",20214,"5091978",5091978,"economics","finance",0,0,0,0,0,0,0,0,0,1,0,0,2,1,0,0,,0
"Agreement for financing certain educational exchange programs.","FN 28",4114,"31101956",8031957,"economics","finance",0,0,0,0,0,0,0,0,0,0,0,1,2,1,0,0,,0
"Convention for the avoidance of double taxation and the prevention of fiscal evasion with respect to taxes on income.","FN 3",10576,"3091968",6081969,"economics","finance",1,0,0,0,1,0,1,0,0,0,0,0,2,1,0,0,0,1
"Agreement Concerning Financial co-operation.","FN 32",21732,"14011981",14011981,"economics","finance",0,0,0,0,0,0,0,0,0,1,0,0,2,1,0,0,,0
"Agreement concerning the collection of bills, drafts, etc.","FN 35",8851,"10071964",1011966,"economics","finance",0,0,0,0,0,0,0,0,0,0,0,0,59,1,0,0,,0
"Agreement concerning the compensation of Netherlands interests.","FN 37",11868,"25021971",21031972,"economics","finance",1,1,0,0,1,0,1,0,0,0,0,0,2,1,0,0,0,1
"Convention for the avoidance of double taxation and the prevention of fiscal evasion with respect to taxes on income and on capital (with protocol).","FN 38",18930,"27061979",28121979,"economics","finance",1,0,0,0,1,0,1,0,0,0,0,0,2,1,0,0,0,1
"Convention between Her Britannic Majesty in respect of the United Kingdom of Great Britain and Northern Ireland and His Majesty the King of the Belgians for the avoidance of double taxation and the prevention of fiscal evasion with respect to taxes on income","FN 4",2526,"27031953",17031954,"economics","finance",1,0,0,0,1,0,0,0,0,0,0,0,2,1,0,0,0,1
"Agreement concerning financial co-operation.","FN 6",22976,"21051983",21051983,"economics","finance",0,0,0,0,0,0,0,0,0,1,0,0,2,1,0,0,,0
"Reciprocal Trade Agreement between the United States of America and Mexico","FN 7",81,"23121942",30011943,"economics","finance",1,1,0,0,1,0,1,1,0,1,0,1,2,1,0,0,0,1
"Agreement concerning financial co-operation.","FN 8",25472,"28081986",28081986,"economics","finance",0,0,0,0,0,0,0,0,0,1,0,0,2,1,0,0,,0
"Agreement for the avoidance of double taxation and the prevention of fiscal evasion with respect to taxes on income and capital gains.","FN 9",10955,"26031970",26061970,"economics","finance",1,0,0,0,1,0,0,0,0,0,0,0,2,1,0,0,0,1
"Convention for the protection of human rights and dignity of the human being with regard to the application of biology and medicine: covention on human rights and biomedicine","HR -1",37266,"4041997",1081999,"humanrights","human rights",1,0,0,1,0,1,0,0,1,0,1,0,45,0,0,0,0,0
"Convention on the prevention and punishment of the crime of genocide.","HR -2",1021,"9121948",12011951,"humanrights","human rights",1,0,0,1,0,1,0,0,1,0,0,1,40,0,0,0,0,0
"Convention (No. 155) concerning occupational safety and health and the working environment.","HR -4",22345,"22061981",11081983,"humanrights","human rights",1,0,0,1,0,1,0,1,0,1,1,0,20,0,0,0,1,0
"Convention for the Protection of Human Rights and Fundamental Freedoms.","HR 10",2889,"20031952",3091953,"humanrights","human rights",1,1,0,1,1,0,1,0,1,0,1,0,13,0,0,0,0,1
"Convention on the Elimination of All Forms of Discrimination against Women.","HR 11",20378,"18121979",3091981,"humanrights","human rights",1,0,1,0,1,1,1,0,1,0,1,1,87,0,0,0,0,1
"Fran-Belgian Agreement on passenger traffic.","HR 13",132,"30031945",30031945,"humanrights","human rights",0,0,0,0,0,0,0,0,0,1,0,0,2,0,0,0,,0
"Convention on the prevention and punishment of crimes against internationally protected persons, including diplomatic agents.","HR 15",15410,"14121973",20021977,"humanrights","human rights",1,0,1,1,1,1,0,0,0,0,0,1,29,0,0,0,0,1
"Convention (No. 105) concerning the abolition of forced labor.","HR 16",4648,"25061957",17011959,"humanrights","human rights",1,0,0,1,0,1,0,1,1,0,1,1,28,0,0,0,1,0
"Agreement on the fundamental rights of nationals.","HR 17",21833,"1011974",1111981,"humanrights","human rights",1,0,1,0,1,1,1,0,1,1,0,0,2,0,0,0,0,1
"Protocol relating to refugee seamen.","HR 18",13928,"12061973",30031975,"humanrights","human rights",1,0,0,1,1,1,0,1,0,1,0,0,9,0,0,0,0,1
"Convention on the Rights of the Child","HR 2-1",27531,"20111989",2091990,"humanrights","human rights",0,0,0,0,0,0,0,0,1,0,1,0,130,0,0,0,,0
"Agreement on readmission of persons","HR 2-11",34250,"9041997",1051997,"humanrights","human rights",0,0,0,0,0,0,0,0,0,0,0,0,2,0,0,0,,0
"European Agreement relating to persons participating in proceedings of the European Court of Human Rights","HR 2-12",37247,"5031996",1011999,"humanrights","human rights",0,0,0,0,0,0,0,0,0,0,0,0,10,0,0,0,,0
"Exchange of notes constituting an agreement recognizing the right of Norwegian nationals in Spain and Spanish nationals in Norway to vote in municipal elections","HR 2-13",28246,"6021990",1041991,"humanrights","human rights",0,0,0,0,0,0,0,0,0,0,0,0,2,0,0,0,,0
"Exchange of notes constituting an agreement recognizing the right of Swedish nationals in Spain and Spanish nationals in Sweden to vote in municipal elections","HR 2-14",28247,"6021990",1041991,"humanrights","human rights",0,0,0,0,0,0,0,0,0,0,0,0,2,0,0,0,,0
"European Convention for the prevention of torture and inhuman or degrading treatment or punishment","HR 2-15",27161,"26111987",1021989,"humanrights","human rights",0,0,0,0,0,0,0,0,0,0,1,0,19,0,0,0,,0
"Agreement on human contacts and humanitarian cooperation","HR 2-16",27469,"15021990",15021990,"humanrights","human rights",0,0,0,0,0,0,0,0,0,0,0,0,2,0,0,0,,0
"Exchange of letters constituting an agreement recognizing the right of Dutch nationals in Spain and Spanish nationals in the Netherlands to vote in municipal elections","HR 2-17",27588,"23021989",10071990,"humanrights","human rights",0,0,0,0,0,0,0,0,0,0,0,0,2,0,0,0,,0
"Exchange of notes constituting an agreement recognizing the right of Danish nationals in Spain and Spanish nationals in Denmark to vote in municipal elections","HR 2-18",27957,"13071989",1111990,"humanrights","human rights",0,0,0,0,0,0,0,0,0,0,0,0,2,0,0,0,,0
"Convention against Torture and Other Cruel, Inhuman or Degrading Treatment or Punishment","HR 2-2",24841,"10121984",26061987,"humanrights","human rights",1,1,1,1,1,1,1,1,1,1,1,1,41,0,0,0,0,1
"International Convention against Apartheid in Sports","HR 2-3",25822,"10121985",3041988,"humanrights","human rights",1,0,0,1,1,1,0,0,0,0,0,0,65,0,0,0,0,1
"Agreement establishing the Fund for the Development of the Indigenous Peoples of Latin America and the Caribbean","HR 2-4",30177,"24071992",4081993,"humanrights","human rights",0,0,0,0,0,0,0,0,0,0,0,0,20,0,0,0,,0
"International Convention on the Protection of the Rights of All Migrant Workers and Members of their Families","HR 2-5",39481,"18121990",1072003,"humanrights","human rights",1,0,1,1,1,1,1,1,0,0,1,0,18,0,0,0,0,1
"United Nations Convention against Transnational Organized Crime","HR 2-6",39574,"15112000",29092003,"humanrights","human rights",1,0,1,1,1,1,1,0,1,0,1,1,124,0,0,0,0,1
"Memorandum of understanding between the Ministry of Interior of the Republic of Turkey and the Ministry of Internal Affairs of the Republic of Belarus on cooperation in the field of combating trafficking in human beings and illegal migration","HR 2-7",44197,"28072004",24092004,"humanrights","human rights",1,0,0,0,1,0,0,1,0,0,1,0,2,0,0,0,0,1
"Agreement between the Government of the Republic of Latvia and the Government of the Russian Federation on regulation of the resettlement process and protection of the rights of resettlers","HR 2-8",40921,"2061993",27021995,"humanrights","human rights",1,1,0,0,1,0,1,0,0,0,1,0,2,0,0,0,0,1
"European Convention on the Non-Applicability of Statutory Limitation to Crimes against Humanity and War Crimes","HR 2-9",39987,"25011974",27062003,"humanrights","human rights",0,0,0,0,0,0,0,0,0,0,0,0,3,0,0,0,,0
"Geneva Convention relative to the Treatment of Prisoners of War (135)","HR 20",972,"12081949",21101950,"humanrights","human rights",1,1,1,1,1,1,1,1,1,0,1,1,46,0,0,0,0,1
"Convention (No. 111) concerning discrimination in respect of employment and occupation.","HR 21",5181,"25061958",15061960,"humanrights","human rights",1,0,0,1,0,1,0,0,0,0,1,0,12,0,0,0,1,0
"International Convention on the Suppression and Punishment of the Crime of Apartheid.","HR 22",14861,"30111973",18071976,"humanrights","human rights",1,1,1,1,1,1,1,0,1,0,0,0,35,0,0,0,0,1
"Convention (No. 118) concerning equality of treatment of nationals and non-nationals in social security","HR 23",7238,"28061962",25041964,"humanrights","human rights",1,0,0,1,0,1,0,1,0,1,1,0,5,0,0,0,1,0
"Convention (with Final Protocol) concerning the reciprocal grant of assistance to distressed persons.","HR 25",2647,"9011951",1041951,"humanrights","human rights",0,0,0,0,0,0,0,1,0,0,0,0,5,0,0,0,,0
"Convention (No. 19) concerning equality of treatment for national and foreign workers as regards workmen's compensation for accidents.)","HR 27",602,"5061925",8091926,"humanrights","human rights",1,0,0,1,0,1,0,1,0,0,1,0,39,0,0,0,1,0
"Convention (No. 98) concerning the application of the principles of the right to organize and to bargain collectively.","HR 28",1341,"1071949",18071951,"humanrights","human rights",1,0,0,1,0,1,0,0,0,1,0,0,4,0,0,0,1,0
"Constitution of the International Refugee Organization and Agreement on interim measures to be taken in respect of refugees and displaced persons.","HR 33",283,"15121946",20081948,"humanrights","human rights",1,0,0,1,1,1,0,0,0,1,0,1,23,0,0,0,0,1
"American Convention on Human Rights Pact of San Jos, Costa Rica.","HR 34",17955,"22111969",18071978,"humanrights","human rights",1,1,0,1,0,0,1,0,1,0,1,1,12,0,0,0,0,0
"Convention (No. 143) concerning migrations in abusive conditions and the promotion of equality of opportunity and treatment of migrant workers.","HR 43",17426,"24061975",9121978,"humanrights","human rights",1,0,0,1,0,1,0,1,0,1,1,0,5,0,0,0,1,0
"Convention of establishment.","HR 46",20762,"11021977",5021981,"humanrights","human rights",1,0,0,0,1,0,0,0,1,1,0,0,2,0,0,0,0,1
"Convention on the non-applicability of statutory limitations to war crimes and crimes against humanity.","HR 7",10823,"26111968",11111970,"humanrights","human rights",0,0,0,0,0,0,0,0,0,0,0,0,9,0,0,0,,0
"International Covenant on Civil and Political Rights.","HR 8",14668,"19121966",23031976,"humanrights","human rights",1,1,0,0,1,0,1,0,1,0,1,1,58,0,0,0,1,1
"OAU Convention governing the specific aspects of refugee problems in Africa.","HR 9",14691,"10091969",20061974,"humanrights","human rights",1,1,1,0,0,1,0,0,0,1,0,0,36,0,0,0,0,0
"Agreement for the promotion and protection of investments.","IN 1",22810,"25021982",11111983,"economics","investment",1,1,1,1,1,1,1,1,1,1,0,0,2,1,0,0,0,1
"Convention concerning the mutual promotion and protection of investments.","IN 11",19570,"28111977",1031979,"economics","investment",1,0,1,0,1,1,1,1,1,1,0,0,2,1,0,0,0,1
"Treaty concerning the promotion and reciprocal protection of capital investment (Cotonou on 29 June 1978)","IN 12",24681,"29061978",18071985,"economics","investment",1,0,1,1,1,1,1,1,1,1,0,0,2,1,0,0,0,1
"Exchange of notes constituting an agreement relating to the guaranty of private investments.","IN 14",4922,"14041959",14041959,"economics","investment",1,0,1,0,1,1,1,0,1,1,0,1,2,1,0,0,0,1
"Exchange of letters constituting an agreement relating to investment guaranties.","IN 16",6621,"5101962",5101962,"economics","investment",0,0,0,0,0,0,0,0,1,1,0,1,2,1,0,0,,0
"The Second ACP-EEC Convention (with protocols, final act and minutes of the Convention).","IN 17",21071,"31101979",1011981,"economics","investment",1,1,1,0,0,1,1,1,0,1,0,0,80,1,0,0,0,0
"Exchange of notes constituting an agreement relating to Canadian investments in Western Samoa insured by the Government of Canada through its agent, the Export Development Corporation.","IN 18",17730,"29091978",29091978,"economics","investment",1,0,1,0,1,1,1,0,1,0,0,0,2,1,0,0,0,1
"Agreement concerning financial assistance","IN 2",14366,"6091974",6091974,"economics","investment",0,0,0,0,0,0,0,0,0,1,0,0,2,1,0,0,,0
"FRANCE AND ECUADOR: Agreement on the reciprocal promotion and protection of investments","IN 2-1",33847,"7091994",10061996,"economics","investment",1,1,1,1,1,1,1,1,1,1,0,0,2,1,0,0,0,1
"UNITED KINGDOM OF GREAT BRITAIN AND NORTHERN IRELAND AND HUNGARY: Agreement for the promotion and reciprocal protection of investments.Signed at Budapest on 9 March 1987","IN 2-102",27032,"9031987",28081987,"economics","investment",1,1,1,1,1,1,1,1,1,1,0,0,2,1,0,0,0,1
"Jamaica and the United Kingdom and Northern Ireland: Agreeement for the Promotion and Protection of Investments","IN 2-105",25985,"20011987",14051987,"economics","investment",1,1,1,1,1,1,1,1,1,1,0,0,2,1,0,0,0,1
"Spain and Dominican Republic: Agreement on the reciprocal promotion and protection of investments","IN 2-11",33395,"16031995",7101996,"economics","investment",1,0,1,0,1,1,1,1,1,1,0,0,2,1,0,0,1,1
"BELGIUM, LUXEMBOURG AND UNION OF SOVIET SOCIALIST REPUBLICS: Agreement on the mutual promotion and protection of investments (with protocol). Signed at Moscow on 9 February 1989","IN 2-13",33361,"9021989",13101991,"economics","investment",1,1,1,0,1,1,1,0,0,0,0,0,3,1,0,0,1,1
"Agreement on the promotion and reciprocal protection of investments between Spain and Jamaic","IN 2-228",39125,"13032002",25112002,"economics","investment",1,0,1,1,1,1,1,1,1,1,0,0,2,1,0,0,1,1
"Treaty between the Federal Republic of Germany and the Republic of Uzbekistan for the promotion and reciprocal protection of investments","IN 2-342",35902,"28041993",23051998,"economics","investment",1,0,1,1,1,1,1,1,1,1,0,0,2,1,0,0,0,1
"Agreement for the promotion and reciprocal protection of investments between Spain and Ukraine","IN 2-366",36612,"26021998",13032000,"economics","investment",1,0,1,1,1,1,1,1,1,1,0,0,2,1,0,0,1,1
"Agreement between the Government of Canda and the Government of Ukraine for the promotion and protection of investments","IN 2-407",34948,"24101994",24071995,"economics","investment",1,0,1,1,1,1,1,1,1,1,0,0,2,1,0,0,1,1
"Agreement between the Kingdom of the Netherlands and the Republic of India for the promotion and protection of investments","IN 2-435",39911,"6111995",1121996,"economics","investment",1,1,1,1,1,1,1,1,1,1,0,0,2,1,0,0,0,1
"NEW ZEALAND AND CHINA: Agreement on the promotion and protection of investments (with exchange of notes)","IN 2-46",31058,"22111988",25031989,"economics","investment",1,0,1,1,1,1,1,1,1,1,0,0,2,1,0,0,0,1
"Spain and Uruguay: Agreement on the reciprocal promotion and protection of investments","IN 2-47",31039,"7041992",6051994,"economics","investment",1,0,1,1,1,1,1,1,1,1,0,0,2,1,0,0,0,1
"Estonia and Denmark: Agreement on the reciprocal promotion and protection of investments","IN 2-53",30890,"6111991",24021993,"economics","investment",1,0,1,1,1,1,1,1,1,1,0,0,2,1,0,0,0,1
"DENMARK AND BULGARIA: Agreement concerning the promotion and reciprocal protection of investments","IN 2-7",33613,"14041993",24041995,"economics","investment",1,0,1,1,1,1,1,1,1,1,0,0,2,1,0,0,1,1
"ESTONIA AND POLAND: Agreement on the reciprocal promotion and protection of investments.Signed at Warsaw on 6 May 1993","IN 2-72",30492,"6051993",6081993,"economics","investment",1,0,1,1,1,1,1,1,1,1,0,0,2,1,0,0,1,1
"SWEDEN AND HUNGARY: Agreement for the promotion and reciprocal protection of investments (with exchange of letters).Signed at Stockholm on 21 April 1987","IN 2-97",27077,"21041987",21041987,"economics","investment",1,1,1,1,1,1,1,1,1,1,0,0,2,1,0,0,0,1
"Agreement for the promotion and protection of investments.","IN 21",19536,"19061980",19061980,"economics","investment",1,1,1,1,1,1,1,1,1,1,0,0,2,1,0,0,0,1
"Agreement on the mutual protection of investments (with exchange of notes).","IN 22",22733,"29031982",29031982,"economics","investment",1,0,1,1,1,1,1,1,1,1,0,0,2,1,0,0,0,1
"Convention on the protection of investments","IN 23",13396,"22031973",1041974,"economics","investment",1,0,1,0,1,1,1,1,1,1,0,0,2,1,0,0,0,1
"Exchange of notes constituting an agreement relating to the guaranty of private investments.","IN 25",5596,"12091960",12091960,"economics","investment",1,0,1,0,1,1,1,0,1,1,0,1,2,1,0,0,0,1
"Agreement for the promotion and protection of investments.","IN 26",15181,"11061975",24021976,"economics","investment",1,1,1,1,1,1,1,1,1,1,0,0,2,1,0,0,0,1
"Exchange of letters constituting an agreement concerning the guarantees of investment securities.","IN 27",11642,"27111970",27111970,"economics","investment",0,0,0,0,0,0,0,0,0,1,0,0,2,1,0,0,,0
"Agreement on reciprocal promotion and protection of investments.","IN 29",24657,"3031982",23091983,"economics","investment",1,0,1,0,1,1,1,1,1,1,0,0,2,1,0,0,0,1
"Foreign Investment Insurance Agreement.","IN 3",24875,"19011979",19011979,"economics","investment",1,0,1,0,1,1,1,0,1,1,0,0,2,1,0,0,0,1
"Exchange of notes constituting an agreement relating to investment guaranties.","IN 31",8901,"11081966",11081966,"economics","investment",1,0,1,1,1,1,1,0,1,1,0,1,2,1,0,0,0,1
"Exchange of notes constituting an agreement relating to investment guaranties.","IN 32",9855,"7031967",7031967,"economics","investment",1,0,1,0,1,1,1,0,1,1,0,1,2,1,0,0,0,1
"Agreement on the mutual promotion and guarantee of investments.","IN 33",20625,"12111980",9041981,"economics","investment",1,1,1,1,1,1,1,1,1,1,0,0,2,1,0,0,0,1
"Agreement on the mutual promotion and protection of investments (with exchange of letters)","IN 34",24323,"23051984",25031985,"economics","investment",1,1,1,0,1,1,1,1,1,1,0,0,2,1,0,0,0,1
"Convention concerning the encouragement of capital investment and the protection of property","IN 37",7558,"23051963",19121964,"economics","investment",1,0,1,0,1,1,1,1,1,1,0,0,2,1,0,0,0,1
"Agreement on processing and protection of investments (with exchanges of letters)","IN 38",24235,"5111982",9101985,"economics","investment",1,1,1,0,1,1,1,1,1,1,0,0,2,1,0,0,0,1
"Exchange of notes constituting an agreement relating to Canadian investments in the Kingdom of Thailand (with related letters).","IN 39",24956,"5011983",5011983,"economics","investment",1,0,1,0,1,1,1,0,1,1,0,0,2,1,0,0,0,1
"Agreement concerning the encouragement and reciprocal protection of investments.","IN 40",23607,"4061985",4061985,"economics","investment",1,1,1,0,1,1,1,1,1,1,0,0,2,1,0,0,0,1
"Exchange of notes constituting an agreement relating to guarantees authorized by Section 111 (b) (3) of the Economic Cooperation Act of 1948, as amended.","IN 44",1837,"25061952",25061952,"economics","investment",1,0,1,0,1,1,1,0,1,1,0,1,2,1,0,0,0,1
"Agreement for the promotion and protection of investments","IN 8",24700,"7101983",7111985,"economics","investment",1,0,1,1,1,1,1,1,1,1,0,0,2,1,0,0,0,1
"Exchange of notes constituting an agreement concerning the Guarantee by the Government of the United Kingdom and the maintenance of the Minimum Sterling Proportion by the Government of Iceland.","MO 1",9800,"19091969",25091968,"economics","monetary",0,0,0,0,0,0,0,0,0,1,0,0,2,1,0,0,,0
"Agreement concerning financial co-operation.","MO 11",22962,"3031983",3031983,"economics","monetary",0,0,0,0,0,0,0,0,0,1,0,0,2,1,0,0,,0
"Exchange of notes constituting an agreement regarding the guarantee by the Government of the United Kingdom and the maintenance of the minimum sterling proportion by Ireland.","MO 12",9374,"23091968",25091968,"economics","monetary",0,0,0,0,0,0,0,0,0,1,0,0,2,1,0,0,,0
"Exchange of Notes and Monetary Agreement between the Netherlands and France","MO 14",24,"7091945",7091945,"economics","monetary",0,0,0,0,0,0,0,0,0,1,0,0,2,1,0,0,,0
" Monetary Agreement between the Government of Belgium and the Government of the United Kingdom of Great Britain and Northern Ireland","MO 16",367,"14111947",5101947,"economics","monetary",0,0,0,0,0,0,0,0,0,1,0,0,2,1,0,0,,0
"Agreement between Thailand and Japan concerning settlement of Special Yen Problem","MO 2",3172,"9071955",5081955,"economics","monetary",0,0,0,0,0,0,0,0,0,0,0,0,2,1,0,0,,0
"LITHUANIA AND RUSSIAN FEDERATION: Agreement on reciprocal obligations concerning the introduction of Litas as the Monetary Unit of the Republic of Lithuania","MO 2-2",31335,"30091992",25061993,"economics","monetary",0,0,0,0,0,0,0,0,0,0,0,0,2,1,0,0,,0
"UNITED KINGDOM OF GREAT BRITAIN AND NORTHERN IRELAND AND EGYPT: Exchange of notes constituting an agreement regarding the use of British capital untransferable accounts in Egypt (with exchange of notes of 13 February and 7 April 1992)","MO 2-5",29460,"7051990",2061990,"economics","monetary",0,0,0,0,0,0,0,0,0,0,0,0,2,1,0,0,,0
"Agreement concerning financial co-operation.","MO 21",21731,"30121980",30121980,"economics","monetary",0,0,0,0,0,0,0,0,0,1,0,0,2,1,0,0,,0
"Exchange of letters constituting an agreement concerning the Guarantee by the Government of the United Kingdom and the maintenance of the Minimum of Sterling Proportion by the Government of Sierra Leone.","MO 6",9806,"20091968",25091968,"economics","monetary",0,0,0,0,0,0,0,0,0,1,0,0,2,1,0,0,,0
"Exchange of notes constituting an agreement concerning the Guarantee by the Government of the United Kingdom and the maintenance of the Minimum Sterling Proportion by the Government of Libya.","MO 8",9815,"24091968",25091968,"economics","monetary",0,0,0,0,0,0,0,0,0,1,0,0,2,1,0,0,,0
"Exchange of notes constituting an agreement relating to military assistance: Eligibility requirements pursuant to the Foreign Assistance Act of 1973 and the International Security Assistance and Arms Export Control Act of 1976.","SE 1",16035,"31081976",31081976,"security","security",0,0,0,0,0,0,0,0,0,1,0,1,2,0,1,0,,0
"Exchange of notes constituting an agreement relating to mutual security.","SE 10",2384,"8011952",8011952,"security","security",0,0,0,0,0,0,0,0,0,1,0,1,2,0,1,0,,0
"Security Treaty between the United States of America and Japan","SE 14",1835,"8091951",28041952,"security","security",0,0,0,0,0,0,0,0,0,1,0,1,2,0,1,0,,0
"Exchange of notes constituting an agreement relating to military assistance: Eligibility requirements pursuant to the International Security Assistance and Arms Export Control Act of 1976.","SE 17",16034,"3081976",24081976,"security","security",0,0,0,0,0,0,0,0,0,1,1,1,2,0,1,0,,0
"Agreement between the Government of the Republic of Estonia and the Government of the United States of America concerning security measures for the protection of classified military information","SE 2-1",36675,"23022000",23022000,"security","security",0,0,0,0,0,0,0,0,0,0,1,1,2,0,1,0,,0
"Memorandum of understanding between the Government of the Federative Republic of Brazil and the Government of the Argentine Republic for the establishment of a bilateral commission on border security","SE 2-10",34795,"9121997",9121997,"security","security",0,0,0,0,0,0,0,0,0,0,0,0,2,0,1,0,,0
"Agreement between the Department of Defense of the United States of America and the Ministry of Defense of the Kingdom of Thailand concerning the measures to be taken for the transfer, security, and safeguarding of technical information, softwa","SE 2-11",40309,"30091993",30091993,"security","security",1,0,0,0,1,0,0,0,0,1,1,1,2,0,1,0,0,1
"Agreement between the Government of the Republic of Hungary and the Government of the United States of America concerning security measures for the protection of classified military information","SE 2-12",35344,"16051995",4061996,"security","security",0,0,0,0,0,0,0,0,0,0,1,1,2,0,1,0,,0
"Agreement between the Government of the Republic of Hungary and the Government of the Kingdom of Sweden concerning security measures for the protection of classified military data","SE 2-13",35341,"13101995",9071996,"security","security",0,0,0,0,0,0,0,0,0,0,1,0,2,0,1,0,,0
"Agreement between the Government of the Federal Republic of Germany and the Cabinet of Ministers of the Ukraine on the mutual protection of classified information","SE 2-14",36200,"29051998",11031999,"security","security",1,0,0,0,1,0,0,0,0,0,1,0,2,0,1,0,0,1
"Agreement between the Government of the French Republic and the Government of the Czech Republic on cooperation in the fields of police, civil security and","SE 2-15",36142,"2041997",1081997,"security","security",0,0,0,0,0,0,0,0,0,0,0,0,2,0,1,0,,0
"Western European Union (WEU) Security Agreement","SE 2-16",37024,"28031995",28111996,"security","security",0,0,0,0,0,0,0,0,0,0,1,0,10,0,1,0,,0
"Treaty on cooperation in protection of the borders of States participating in the Commonwealth of Independent States with countries not forming part of the Commonwealth.","SE 2-17",33648,"26051995",10071996,"security","security",1,0,0,0,1,0,0,0,0,1,0,0,7,0,1,0,0,1
"Treaty on Collective Security","SE 2-18",32307,"15051992",20041994,"security","security",1,0,0,0,1,0,0,1,1,1,0,0,6,0,1,0,0,1
"REPUBLIC OF KOREA AND UNITED STATES OF AMERICA: Memorandum of understanding pertaining to the provision of communications security equipment and services Signed at Seoul on 15 July 1993 Came into force on 15 July 1993","SE 2-19",30579,"15071993",15071993,"security","security",1,0,0,0,1,0,0,0,0,0,1,1,2,0,1,0,0,1
"Agreement between the Government of the Republic of Latvia and the Government of the Kingdom of Sweden concerning the protection of classified information","SE 2-2",38896,"11022002 and 31012002",11022002,"security","security",1,0,0,0,1,0,0,0,0,0,1,0,2,0,1,0,0,1
"FRAMEWORK AGREEMENT BETWEEN DENMARK, FINLAND, NORWAY AND SWEDEN CONCERNING COOPERATION IN THE FIELD OF DEFENCE MATÉRIEL","SE 2-20",37734,"25092000, 29092000, 16102000, and 07112000",7112000,"security","disarmament",1,0,0,0,1,0,0,0,0,0,0,0,4,0,1,0,0,1
"INDIA AND ZAMBIA: Mutual Agreement to combat illicit trafficking in narcotic drugs and psychotropic substances and money laundering (with annexes)","SE 2-21",31241,"5101993",5101993,"security","security",0,0,0,0,0,0,0,1,0,0,1,0,2,0,1,0,,0
"Charter of the Collective Security Treaty Organization","SE 2-3",39775,"7102002",18092003,"security","security",1,1,0,0,1,0,1,1,0,1,0,0,6,0,1,0,0,1
"Agreement between the United States of America and Japan relating to a program for the development by Japan of the XSH-40J weapon system","SE 2-4",39954,"20011987",20011987,"security","security",0,0,0,0,0,0,0,0,0,0,0,1,2,0,1,0,,0
"Agreement between the Government of Australia and the Government of the United States of America concerning security measures for the protection of classified informatio","SE 2-5",39242,"25062002",7112002,"security","security",1,0,0,0,1,0,0,0,0,0,1,1,2,0,1,0,0,1
"Agreement between the Government of the Hellenic Republic and the Government of the Federal Republic of Germany on the reciprocal protection of sensitive information","SE 2-6",36542,"14121999",14012000,"security","security",0,0,0,0,0,0,0,0,0,0,1,0,2,0,1,0,,0
"Agreement on confidence- and security-building measures complementing the OSCE Vienna document of 1994 and on the development of military relations between the Government of the Republic of Hungary and the Government of Romania","SE 2-8",35339,"6091996",25091997,"security","security",0,0,0,0,0,0,0,0,0,0,1,0,2,0,1,0,,0
"General Agreement on security between the Government of the French Republic and the Government of the Slovak Republic (with annex)","SE 2-9",35581,"20031997",4071997,"security","security",1,0,0,0,1,0,0,0,0,0,1,0,2,0,1,0,0,1
"Security Treaty between Australia, New Zealand and the United States of America","SE 20",1736,"1091951",29041952,"security","security",0,0,0,0,0,0,0,1,0,1,0,1,3,0,1,0,,0
"Exchange of notes constituting an agreement relating to mutual security.","SE 24",2365,"7011952",7011952,"security","security",0,0,0,0,0,0,0,0,0,1,0,1,2,0,1,0,,0
"Exchange of notes constituting an agreement relating to mutual security.","SE 28",2382,"21121951",7011952,"security","security",0,0,0,0,0,0,0,0,0,1,0,1,2,0,1,0,,0
"Exchange of letters constituting an agreement on a defense security arrangement.","SE 29",21950,"2121977",27071978,"security","security",0,0,0,0,0,0,0,0,0,0,1,0,2,0,1,0,,0
"Exchange of notes constituting an agreement relating to assurances under the Mutual Security Act of 1951.","SE 3",2799,"8011952",8011952,"security","security",0,0,0,0,0,0,0,0,0,1,0,1,2,0,1,0,,0
"Exchange of notes constituting an agreement relating to mutual security.","SE 31",2361,"7011952",7011952,"security","security",0,0,0,0,0,0,0,0,0,1,0,1,2,0,1,0,,0
"US and Kuwait: Technical Security Arrangement concerning special security measures (16314)","SE 40",16314,"18011976",18011976,"security","security",0,0,0,0,0,0,0,0,0,1,1,1,2,0,1,0,,0
"Inter-American Treaty of Reciprocal Assistance and Final Act of the Inter-American Conference for the Maintenance of Continental Peace and Security.","SE 41",324,"2091947",3121948,"security","security",1,0,0,0,1,1,0,0,0,1,0,1,15,0,1,0,0,1
"Security Agreement concerning certain exchanges of secret information.","SE 42",14951,"22101973",22101973,"security","security",0,0,0,0,0,0,0,0,0,0,1,0,2,0,1,0,,0
"Exchange of notes constituting an agreement relating to mutual security.","SE 5",2359,"4011952",7011952,"security","security",0,0,0,0,0,0,0,0,0,1,0,1,2,0,1,0,,0
"Exchange of notes constituting an agreement relating to military assistance: eligibility requirements pursuant to the International Security Assistance and Arms Export Control Act of 1976.","SE 6",17310,"11021977",14031977,"security","security",0,0,0,0,0,0,0,0,0,1,0,1,2,0,1,0,,0
"Exchange of notes constituting an agreement relating to mutual security.","SE 7",2356,"7011952",7011952,"security","security",0,0,0,0,0,0,0,0,0,1,0,1,2,0,1,0,,0
"Co-operation Agreement on civil defense and security.","SE 8",20783,"21041981",21041981,"security","security",1,0,0,0,1,0,0,0,0,1,0,0,2,0,1,0,0,1
